Kevin Durant,SF,OKC
Kobe Bryant,SG,LAL
LeBron James,PF,MIA
James Harden,SG,HOU
Carmelo Anthony,PF,NYK
Russell Westbrook,PG,OKC
Stephen Curry,PG,GSW
Monta Ellis,SG,MIL
Damian Lillard,PG,POR
LaMarcus Aldridge,PF,POR
DeMar DeRozan,SG,TOR
Deron Williams,PG,BRK
Dwyane Wade,SG,MIA
David Lee,PF,GSW
Kemba Walker,PG,CHA
J.R. Smith,SG,NYK
Blake Griffin,PF,LAC
Brook Lopez,C,BRK
Paul Pierce,SF,BOS
Brandon Jennings,PG,MIL
Al Jefferson,C,UTA
Jrue Holiday,PG,PHI
Paul George,SF,IND
Rudy Gay,SF,TOT
Klay Thompson,SG,GSW
Tony Parker,PG,SAS
Josh Smith,PF,ATL
Kyrie Irving,PG,CLE
Ryan Anderson,PF,NOH
Greg Monroe,C,DET
Dwight Howard,C,LAL
Al Horford,C,ATL
Carlos Boozer,PF,CHI
DeMarcus Cousins,C,SAC
Jamal Crawford,SG,LAC
O.J. Mayo,SG,DAL
David West,PF,IND
Luol Deng,SF,CHI
Chris Bosh,C,MIA
Tim Duncan,C,SAS
Ty Lawson,PG,DEN
Chris Paul,PG,LAC
Chandler Parsons,SF,HOU
Joe Johnson,SG,BRK
Zach Randolph,PF,MEM
Mike Conley,PG,MEM
Jeff Teague,PG,ATL
Danilo Gallinari,SF,DEN
Paul Millsap,PF,UTA
Goran Dragic,PG,PHO
Marc Gasol,C,MEM
Thaddeus Young,PF,PHI
J.J. Redick,SG,TOT
Isaiah Thomas,PG,SAC
Jeremy Lin,PG,HOU
Evan Turner,SF,PHI
Vince Carter,SF,DAL
Greivis Vasquez,PG,NOH
Kevin Martin,SG,OKC
George Hill,PG,IND
Nate Robinson,PG,CHI
Arron Afflalo,SF,ORL
Gerald Henderson,SG,CHA
Serge Ibaka,PF,OKC
Luis Scola,PF,PHO
Nicolas Batum,SF,POR
Andre Iguodala,SG,DEN
Jeff Green,PF,BOS
Jarrett Jack,SG,GSW
Wesley Matthews,SG,POR
J.J. Hickson,C,POR
Gordon Hayward,SF,UTA
Nikola Pekovic,C,MIN
Nikola Vucevic,C,ORL
Kevin Garnett,C,BOS
Brandon Knight,PG,DET
Corey Brewer,SF,DEN
Tyreke Evans,SG,SAC
Darren Collison,PG,DAL
Ersan Ilyasova,PF,MIL
Tristan Thompson,PF,CLE
Raymond Felton,PG,NYK
Luke Ridnour,SG,MIN
Roy Hibbert,C,IND
Derrick Williams,PF,MIN
Robin Lopez,C,NOH
Metta World Peace,SF,LAL
Kenneth Faried,PF,DEN
Dirk Nowitzki,PF,DAL
Marcus Thornton,SG,SAC
John Wall,PG,WAS
Spencer Hawes,C,PHI
Dion Waiters,SG,CLE
Jason Thompson,PF,SAC
Randy Foye,SG,UTA
Ramon Sessions,SG,CHA
Rodney Stuckey,SG,DET
Carl Landry,PF,GSW
Martell Webster,SF,WAS
Anthony Davis,PF,NOH
Ray Allen,SG,MIA
Jared Dudley,SF,PHO
Tayshaun Prince,SF,TOT
Andray Blatche,C,BRK
Alonzo Gee,SF,CLE
Ben Gordon,SG,CHA
Danny Green,SG,SAS
Tiago Splitter,PF,SAS
Jose Barea,PG,MIN
Omer Asik,C,HOU
Jose Calderon,PG,TOT
Matt Barnes,SF,LAC
Jameer Nelson,PG,ORL
Jordan Crawford,SG,TOT
Caron Butler,SF,LAC
Amir Johnson,PF,TOR
Shawn Marion,PF,DAL
Kyle Korver,SF,ATL
Jason Terry,SG,BOS
Andrei Kirilenko,SF,MIN
Kyle Lowry,PG,TOR
Andre Miller,PG,DEN
Mike Dunleavy,SF,MIL
Joakim Noah,C,CHI
Bradley Beal,SG,WAS
Nene Hilario,PF,WAS
Emeka Okafor,C,WAS
Michael Beasley,SF,PHO
Harrison Barnes,SF,GSW
Patrick Patterson,PF,TOT
C.J. Miles,SF,CLE
Dorell Wright,SF,PHI
Derrick Favors,PF,UTA
DeAndre Jordan,C,LAC
Kevin Seraphin,C,WAS
Kyle Singler,SF,DET
JaVale McGee,C,DEN
Eric Gordon,SG,NOH
Antawn Jamison,PF,LAL
Carlos Delfino,SF,HOU
Tony Allen,SG,MEM
Jimmy Butler,SF,CHI
Manu Ginobili,SG,SAS
Michael Kidd-Gilchrist,SF,CHA
Marco Belinelli,SG,CHI
Brandon Bass,PF,BOS
Larry Sanders,C,MIL
Dante Cunningham,SF,MIN
Alan Anderson,SF,TOR
Jerryd Bayless,PG,MEM
Chris Kaman,C,DAL
Tyson Chandler,C,NYK
Kawhi Leonard,SF,SAS
Lance Stephenson,SG,IND
Marcin Gortat,C,PHO
Pau Gasol,PF,LAL
John Salmons,SF,SAC
Markieff Morris,PF,PHO
Mario Chalmers,PG,MIA
Alexey Shved,SG,MIN
Marreese Speights,C,TOT
Kosta Koufos,C,DEN
Gary Neal,SG,SAS
Eric Bledsoe,PG,LAC
Will Bynum,PG,DET
Steve Nash,PG,LAL
Nick Young,SG,PHI
Maurice Harkless,SF,ORL
Ed Davis,C-PF,TOT
Jodie Meeks,SG,LAL
Shannon Brown,SG,PHO
Wayne Ellington,SG,TOT
Thabo Sefolosha,SG,OKC
Courtney Lee,SG,BOS
Tyler Zeller,C,CLE
Ricky Rubio,PG,MIN
Tobias Harris,SF-PF,TOT
Marcus Morris,PF-SF,TOT
Mo Williams,PG,UTA
E'Twaun Moore,SG,ORL
Andrew Nicholson,PF,ORL
Devin Harris,SG,ATL
Tyler Hansbrough,PF,IND
Byron Mullens,PF,CHA
Wilson Chandler,PF,DEN
Al-Farouq Aminu,SF,NOH
Brian Roberts,PG,NOH
Jonas Valanciunas,C,TOR
Louis Williams,SG,ATL
C.J. Watson,PG,BRK
Brandan Wright,C,DAL
Beno Udrih,SG-PG,TOT
Steve Novak,SF,NYK
Toney Douglas,PG,TOT
Gerald Wallace,SF,BRK
Trevor Ariza,SF,WAS
Marvin Williams,SF,UTA
Rajon Rondo,PG,BOS
Elton Brand,C,DAL
Taj Gibson,PF,CHI
Glen Davis,PF,ORL
Enes Kanter,C,UTA
P.J. Tucker,SG,PHO
Jason Maxiell,PF,DET
Jimmer Fredette,SG,SAC
Richard Hamilton,SG,CHI
Chris Copeland,PF,NYK
Andre Drummond,C,DET
Shane Battier,SF,MIA
Jeff Taylor,SF,CHA
Terrence Ross,SG,TOR
Charlie Villanueva,PF,DET
Avery Bradley,PG,BOS
Kirk Hinrich,PG,CHI
Jason Kidd,SG,NYK
Lavoy Allen,C,PHI
Jermaine O'Neal,C,PHO
Ivan Johnson,PF,ATL
Alec Burks,SG,UTA
Willie Green,SG,LAC
Norris Cole,PG,MIA
Andrea Bargnani,PF,TOR
A.J. Price,PG,WAS
Boris Diaw,PF,SAS
Earl Clark,PF,LAL
Gerald Green,SF,IND
Greg Smith,C,HOU
Jason Smith,C,NOH
Shaun Livingston,PG,TOT
Amar'e Stoudemire,PF,NYK
Nick Collison,C,OKC
Ian Mahinmi,C,IND
Josh McRoberts,PF,TOT
Wesley Johnson,SF,PHO
MarShon Brooks,SG,BRK
DeMarre Carroll,SF,UTA
Jae Crowder,SF,DAL
Damien Wilkins,SG,PHI
Luc Mbah a Moute,SF,MIL
Bismack Biyombo,C,CHA
John Henson,PF,MIL
Jonas Jerebko,PF,DET
Meyers Leonard,C,POR
Austin Rivers,SG,NOH
Aaron Brooks,PG,TOT
Kris Humphries,PF,BRK
Quincy Pondexter,SF,MEM
Reggie Jackson,PG,OKC
John Jenkins,SG,ATL
Roger Mason,SG,NOH
Reggie Evans,PF,BRK
Darrell Arthur,PF,MEM
D.J. Augustin,PG,IND
Anderson Varejao,C,CLE
Jason Richardson,SG,PHI
John Lucas,PG,TOR
Thomas Robinson,PF,TOT
Sebastian Telfair,PG,TOT
Kevin Love,PF,MIN
Lamar Odom,PF,LAC
Kendrick Perkins,C,OKC
DeJuan Blair,PF,SAS
Steve Blake,PG,LAL
Marquis Daniels,SF,MIL
Ekpe Udoh,C,MIL
Francisco Garcia,SG-SF,TOT
Samuel Dalembert,C,MIL
Keith Bogans,SG,BRK
Greg Stiemsma,C,MIN
Zaza Pachulia,C,ATL
Iman Shumpert,SG,NYK
Will Barton,SG,POR
Patrick Mills,PG,SAS
Eric Maynor,PG-SG,TOT
Udonis Haslem,PF,MIA
Matt Bonner,PF,SAS
Rashard Lewis,PF,MIA
DeShawn Stevenson,SG,ATL
Mike Miller,SF,MIA
